name,address,website,tel,mapsUrl,openHours,category,rating
66 Perde,"Cedidiye, Kızılay Meydanı, Bayram Saniye Sk. No: 8/B, 81100 Düzce",66perde.business.site,0554 585 72 74,"https://www.google.com/maps/place/66+Perde/@40.843849,31.15654,14z/data=!4m8!1m2!2m1!1sperdeci!3m4!1s0x409d0aad4097d5d5:0x24068f0bb640ad8f!8m2!3d40.838147!4d31.159954","Çarşamba,09:00 - 19:00; Perşembe,09:00 - 19:00; Cuma,09:00 - 19:00; Cumartesi,09:00 - 19:00; Pazar,Kapalı; Pazartesi,09:00 - 19:00; Salı,09:00 - 19:00.",Perde Mağazası,"5,0"
GÜL PERDE,"Kültür, Akçakoca Cd. No:15, 81600 Düzce Merkez/Düzce", ,0554 867 35 10,"https://www.google.com/maps/place/G%C3%9CL+PERDE/@40.8438464,31.15654,14z/data=!4m8!1m2!2m1!1sperdeci!3m4!1s0x409d755a607fe7b5:0x6f94627a71b9798e!8m2!3d40.8402074!4d31.1594344","Çarşamba,09:30 - 21:00; Perşembe,09:30 - 21:00; Cuma,09:30 - 21:00; Cumartesi,09:30 - 21:00; Pazar,Kapalı; Pazartesi,09:30 - 21:00; Salı,09:30 - 21:00.",Ev Eşyaları Mağazası, 
Pırıltı Perde Evi,"Hamidiye, 1259. Sk. No: 5/a D:2, 81030 Düzce Merkez/Düzce", ,0544 212 63 13,"https://www.google.com/maps/place/P%C4%B1r%C4%B1lt%C4%B1+Perde+Evi/@40.8438464,31.15654,14z/data=!4m8!1m2!2m1!1sperdeci!3m4!1s0x409d0aaaec6765bb:0x2b8b63b8d33550ed!8m2!3d40.8510102!4d31.163322","Çarşamba,09:00 - 19:00; Perşembe,09:00 - 19:00; Cuma,09:00 - 19:00; Cumartesi,09:00 - 19:00; Pazar,Kapalı; Pazartesi,09:00 - 19:00; Salı,09:00 - 19:00.",Perde Mağazası,"5,0"
Özçelik Perde,"Cedidiye, 5858 Sk. No:1/m, 81000 Merkez/Düzce", ,0532 100 78 23,"https://www.google.com/maps/place/%C3%96z%C3%A7elik+Perde/@40.8438464,31.15654,14z/data=!4m8!1m2!2m1!1sperdeci!3m4!1s0x409d755ad88f34a5:0xb76526be17643597!8m2!3d40.823834!4d31.175741","Çarşamba,07:00 - 11:13; Perşembe,07:00 - 11:13; Cuma,07:00 - 11:13; Cumartesi,07:00 - 11:13; Pazar,07:00 - 11:13; Pazartesi,07:00 - 11:13; Salı,07:00 - 11:13.",Perde Mağazası, 
Kocaoğlu Perde,"Camikebir, İstanbul Cd. No:107, 81020 Merkez/Düzce Merkez/Düzce", ,(0380) 523 37 58,"https://www.google.com/maps/place/Kocao%C4%9Flu+Perde/@40.8438464,31.15654,14z/data=!4m8!1m2!2m1!1sperdeci!3m4!1s0x409d9fe19246a8ff:0x4458fecf89a87569!8m2!3d40.8401839!4d31.1455966","Çarşamba,09:00 - 18:30; Perşembe,09:00 - 18:30; Cuma,09:00 - 18:30; Cumartesi,09:00 - 18:30; Pazar,Kapalı; Pazartesi,09:00 - 18:30; Salı,09:00 - 18:30.",Perde Mağazası,"3,0"
Eda Perde,"Cedidiye Mah Mimar Sinan Cad, Necip Güney Sk. No:15, 81010 Merkez/Düzce", ,(0380) 514 84 24,"https://www.google.com/maps/place/Eda+Perde/@40.8438464,31.15654,14z/data=!4m8!1m2!2m1!1sperdeci!3m4!1s0x409d755361880a6d:0x220b1b8e9334ebdc!8m2!3d40.837066!4d31.1613134","Çarşamba,09:00 - 19:00; Perşembe,09:00 - 19:00; Cuma,09:00 - 19:00; Cumartesi,09:00 - 19:00; Pazar,Kapalı; Pazartesi,09:00 - 19:00; Salı,09:00 - 19:00.",Kumaş Mağazası,"4,3"
düzce perde,"Uzun Mustafa, Nezih Tütüncüoğlu Bulvari No:27, 81100 merkez/Düzce Merkez/Düzce", ,(0380) 514 66 16,"https://www.google.com/maps/place/d%C3%BCzce+perde/@40.8438464,31.15654,14z/data=!4m8!1m2!2m1!1sperdeci!3m4!1s0x409d9fe42611c2b5:0x289b0fbdd2e9e412!8m2!3d40.842725!4d31.140199", ,Mefruşatçı,"4,0"
Beyaz Perde Tasarım Evi Düzce Merkez,"Kültür, Çamlı Sk. No:2, 81600 Düzce Merkez/Düzce", ,0539 791 67 25,"https://www.google.com/maps/place/Beyaz+Perde+Tasar%C4%B1m+Evi+D%C3%BCzce+Merkez/@40.8438464,31.15654,14z/data=!4m8!1m2!2m1!1sperdeci!3m4!1s0x409d7558a5410299:0xeca5e6e025599f5e!8m2!3d40.840608!4d31.1491458", ,Ev Eşyaları Mağazası,"5,0"
Çetinkaya Perde Düzce,"Burhaniye, Atatürk Blv. 44/A, 81100 Düzce Merkez/Düzce", ,(0380) 514 28 58,"https://www.google.com/maps/place/%C3%87etinkaya+Perde+D%C3%BCzce/@40.8438464,31.15654,14z/data=!4m8!1m2!2m1!1sperdeci!3m4!1s0x409d75504ba6f58d:0xec7b30de198aed7a!8m2!3d40.842225!4d31.163789","Çarşamba,08:00 - 21:00; Perşembe,08:00 - 21:00; Cuma,08:00 - 21:00; Cumartesi,08:00 - 21:00; Pazar,10:30 - 20:00; Pazartesi,08:00 - 21:00; Salı,08:00 - 21:00.",Perde Mağazası,"4,8"
Velioğlu Perde,"İstanbul Caddesi Malatyalı Pasajı No:Z98/14, 81100 Merkez/Düzce", ,(0380) 514 21 81,"https://www.google.com/maps/place/Velio%C4%9Flu+Perde/@40.8438464,31.15654,14z/data=!4m8!1m2!2m1!1sperdeci!3m4!1s0x409d755a569a85f7:0x4baffc9796bc41aa!8m2!3d40.839609!4d31.158625","Çarşamba,09:00 - 20:00; Perşembe,09:00 - 20:00; Cuma,09:00 - 20:00; Cumartesi,09:00 - 20:00; Pazar,Kapalı; Pazartesi,09:00 - 20:00; Salı,09:00 - 20:00.",Perde Mağazası,"5,0"
ELİF PERDE,"Şerefiye, a, Atatürk Blv. No:13, 81010 Düzce Merkez/Düzce",tikla.com.tr,(0380) 524 61 44,"https://www.google.com/maps/place/EL%C4%B0F+PERDE/@40.8438464,31.15654,14z/data=!4m8!1m2!2m1!1sperdeci!3m4!1s0x409d755ab32295eb:0x5cc1e74f86d67d75!8m2!3d40.839701!4d31.162782","Çarşamba,08:00 - 20:30; Perşembe,08:00 - 20:30; Cuma,08:00 - 20:30; Cumartesi,08:00 - 20:30; Pazar,Kapalı; Pazartesi,08:00 - 20:30; Salı,08:00 - 20:30.",Ev Eşyaları Mağazası,"5,0"
www.duzceperde.net,"Aziziye, Nezih Tütüncüoğlu Bulvari27/b, 81010 Düzce Merkez/Düzce",duzceperde.net,(0380) 514 66 16,"https://www.google.com/maps/place/www.duzceperde.net/@40.8438464,31.15654,14z/data=!4m8!1m2!2m1!1sperdeci!3m4!1s0x409d9fe67e503dc7:0x39111bd49f4d7ce0!8m2!3d40.8441117!4d31.141001", , , 
Gündoğdular Perde,"Cedidiye, Kızılay Meydanı No:7, 81020 Düzce Merkez/Düzce", ,(0380) 512 22 22,"https://www.google.com/maps/place/G%C3%BCndo%C4%9Fdular+Perde/@40.8438464,31.15654,14z/data=!4m8!1m2!2m1!1sperdeci!3m4!1s0x409d755b2c306db9:0xceaadddf82b38d14!8m2!3d40.838308!4d31.160678","Çarşamba,09:00 - 20:30; Perşembe,09:00 - 20:30; Cuma,09:00 - 20:30; Cumartesi,09:00 - 20:30; Pazar,13:00 - 18:00; Pazartesi,09:00 - 20:30; Salı,09:00 - 20:30.",Mobilya mağazası,"4,1"
Tamate Perde,"Azmimilli, 81020 Düzce Merkez/Düzce", , ,"https://www.google.com/maps/place/Tamate+Perde/@40.8438464,31.15654,14z/data=!4m8!1m2!2m1!1sperdeci!3m4!1s0x409d754386ed68d1:0x527a4f3fcbb90044!8m2!3d40.8355819!4d31.1625463", , ,"5,0"
Moda perde ve perde temizlik hizmetleri,"Yeni, Kırklar Sk. No:11, 81600 Düzce Merkez/Düzce", ,0543 460 69 23,"https://www.google.com/maps/place/Moda+perde+ve+perde+temizlik+hizmetleri/@40.8438464,31.15654,14z/data=!4m8!1m2!2m1!1sperdeci!3m4!1s0x409d9f33d33c3fb7:0x34445af098de44e6!8m2!3d40.8493316!4d31.147339","Çarşamba,24 saat açık; Perşembe,24 saat açık; Cuma,24 saat açık; Cumartesi,24 saat açık; Pazar,Kapalı; Pazartesi,09:00 - 19:00; Salı,24 saat açık.",Perde Mağazası, 
MURAT PERDE HALI,"Burhaniye, 30, Atatürk Blv., 81010 Düzce Merkez",muratperde.com,(0380) 523 00 58,"https://www.google.com/maps/place/MURAT+PERDE+HALI/@40.8438464,31.15654,14z/data=!4m8!1m2!2m1!1sperdeci!3m4!1s0x409d7550161ed259:0xd163717fa7e8bd01!8m2!3d40.8412763!4d31.1635493","Çarşamba,08:30 - 20:00; Perşembe,08:30 - 20:00; Cuma,08:30 - 20:00; Cumartesi,08:30 - 20:00; Pazar,08:30 - 20:00; Pazartesi,08:30 - 20:00; Salı,08:30 - 20:00.",Perde Mağazası, 
LÛLÛ PERDE,"Burhaniye, Atatürk Blv. No:62, 81010 Düzce Merkez/Düzce", ,0544 521 81 81,"https://www.google.com/maps/place/L%C3%9BL%C3%9B+PERDE/@40.8438464,31.15654,14z/data=!4m8!1m2!2m1!1sperdeci!3m4!1s0x409d7551a25f1f35:0x5253005174d68add!8m2!3d40.843313!4d31.1642208","Çarşamba,09:00 - 20:00; Perşembe,09:00 - 20:00; Cuma,09:00 - 20:00; Cumartesi,09:00 - 20:00; Pazar,09:00 - 20:00; Pazartesi,09:00 - 20:00; Salı,09:00 - 20:00.",Perde Mağazası,"4,9"
Osmanlı Perde,"Cedidiye, Hacı Hamdi Sk. No:23, 81020 Düzce Merkez/Düzce", , ,"https://www.google.com/maps/place/Osmanl%C4%B1+Perde/@40.8438464,31.15654,14z/data=!4m8!1m2!2m1!1sperdeci!3m4!1s0x409d755b3ac32c75:0xc68a7c235fe304fb!8m2!3d40.838224!4d31.1600231", , , 
Sevdim Perde,"Azmimilli, Cevdet Komit Cd. No:22, 81100 Merkez/Düzce",tum-saatleri.com,0530 432 08 81,"https://www.google.com/maps/place/Sevdim+Perde/@40.8438464,31.15654,14z/data=!4m8!1m2!2m1!1sperdeci!3m4!1s0x409d75c986e09009:0x3fbdc977a403045c!8m2!3d40.833418!4d31.158709","Çarşamba,08:30 - 21:30; Perşembe,08:30 - 21:30; Cuma,08:30 - 21:30; Cumartesi,08:30 - 21:30; Pazar,08:30 - 21:30; Pazartesi,08:30 - 21:30; Salı,08:30 - 21:30.",Perde Mağazası,"5,0"
Gelin Çeyiz Mefruşat,"Cedidiye, Sinan Cad. No:41, 81020 Düzce Merkez/Düzce", ,(0380) 523 82 86,"https://www.google.com/maps/place/Gelin+%C3%87eyiz+Mefru%C5%9Fat/@40.8438464,31.15654,14z/data=!4m8!1m2!2m1!1sperdeci!3m4!1s0x409d756cc4d9a6bf:0x412dff2c2008b70c!8m2!3d40.8364287!4d31.1624561","Çarşamba,09:00 - 20:00; Perşembe,09:00 - 20:00; Cuma,09:00 - 20:00; Cumartesi,09:00 - 20:00; Pazar,Kapalı; Pazartesi,09:00 - 20:00; Salı,09:00 - 20:00.",Mobilya mağazası, 
Taç,"Cedidiye, Kızılay Meydanı/bayan Saniye Sok. No:4, 81020 Düzce Merkez/Düzce",tac.com.tr,(0380) 514 97 01,"https://www.google.com/maps/place/Ta%C3%A7/@40.8438464,31.15654,14z/data=!4m9!1m3!2m2!1sperdeci!6e6!3m4!1s0x409d755376960833:0x766f17c4dabc9d2d!8m2!3d40.83782!4d31.1598488", ,Karyola Mağazası,"5,0"
Taçmin Perde,"Aziziye, Şht. Ramazan Gel Cd. No:2, 81010, 81010 Düzce Merkez/Düzce", , ,"https://www.google.com/maps/place/Ta%C3%A7min+Perde/@40.8438464,31.15654,14z/data=!4m9!1m3!2m2!1sperdeci!6e6!3m4!1s0x409d9f4eaa4cfa17:0x7d963d1e365fb4bb!8m2!3d40.8436848!4d31.1405024", ,Ev Eşyaları Mağazası,"5,0"
Taçmin Perde,"Aziziye, 903. Sk. No:7, 81010, 81010 Düzce Merkez/Düzce", , ,"https://www.google.com/maps/place/Ta%C3%A7min+Perde/@40.8438464,31.15654,14z/data=!4m9!1m3!2m2!1sperdeci!6e6!3m4!1s0x409d9fe3c1563001:0xa3cbbe722d76e297!8m2!3d40.8464324!4d31.1404838", ,Ev Eşyaları Mağazası, 
Özçelik Perde Laminat Parke,"Cedidiye, Bayraktar Sk. No:3, 81020 Düzce Merkez/Düzce", ,(0380) 523 28 63,"https://www.google.com/maps/place/%C3%96z%C3%A7elik+Perde+Laminat+Parke/@40.8438464,31.15654,14z/data=!4m9!1m3!2m2!1sperdeci!6e6!3m4!1s0x409d755ad88c3049:0xe84082f2095916dc!8m2!3d40.8387595!4d31.1605716","Çarşamba,07:00 - 21:00; Perşembe,07:00 - 21:00; Cuma,07:00 - 21:00; Cumartesi,07:00 - 21:00; Pazar,07:00 - 21:00; Pazartesi,07:00 - 21:00; Salı,07:00 - 21:00.",Alışveriş merkezi, 
Baydanlar Mefruşat,"Çay, Mimar Sinan Cad. No:5, 81020 Düzce Merkez/Düzce", ,(0380) 514 26 07,"https://www.google.com/maps/place/Baydanlar+Mefru%C5%9Fat/@40.8369046,31.1391084,14z/data=!4m9!1m3!2m2!1sperdeci!6e6!3m4!1s0x409d75539c35f311:0xbe9758f4f2524729!8m2!3d40.8369046!4d31.1566179", ,Mobilya mağazası,"2,0"
Yerli Tekstil Brode,"Yahyalar, 81100 Düzce Merkez/Düzce", , ,"https://www.google.com/maps/place/Yerli+Tekstil+Brode/@40.8438464,31.15654,14z/data=!4m9!1m3!2m2!1sperdeci!6e6!3m4!1s0x409d0acdd0d06f99:0x1d107311ba238e79!8m2!3d40.8438826!4d31.1964756","Çarşamba,08:00 - 18:00; Perşembe,08:00 - 18:00; Cuma,08:00 - 18:00; Cumartesi,08:00 - 18:00; Pazar,Kapalı; Pazartesi,08:00 - 18:00; Salı,08:00 - 18:00.",Üretici, 
PERDECİ FİKRET KORNİŞÇİ FİKRET,"Gölyüzü Mah, Şht. Kani Cd. No: 50, 14100 Merkez/Bolu",perdecifikret.com,0536 824 90 19,"https://www.google.com/maps/place/PERDEC%C4%B0+F%C4%B0KRET+KORN%C4%B0%C5%9E%C3%87%C4%B0+F%C4%B0KRET/@40.7354602,31.5952913,14z/data=!4m9!1m3!2m2!1sperdeci!6e6!3m4!1s0x409d3ffbf6c0b409:0xbe24ba559f57eb32!8m2!3d40.7354602!4d31.6128008","Çarşamba,09:00 - 18:00; Perşembe,09:00 - 18:00; Cuma,09:00 - 18:00; Cumartesi,09:00 - 18:00; Pazar,Kapalı; Pazartesi,09:00 - 18:00; Salı,09:00 - 18:00.",Perde Mağazası, 
ZİRVE HALI PERDE, ,zirve-hal-perde.business.site,(0380) 523 99 57,"https://www.google.com/maps/place/Z%C4%B0RVE+HALI+PERDE/@40.8438464,31.15654,14z/data=!4m9!1m3!2m2!1sperdeci!6e6!3m4!1s0x409d754eec87d561:0x9ce2089b0912f491!8m2!3d40.810616!4d31.1899515", ,Ev Eşyaları Mağazası, 
Güllüoğlu Mefruşat Perdeci Merkez Magaza,"Merkez, Ali Alp Cd. no 66/B, 67850 Alaplı/Zonguldak", ,0539 835 02 29,"https://www.google.com/maps/place/G%C3%BCll%C3%BCo%C4%9Flu+Mefru%C5%9Fat+Perdeci+Merkez+Magaza/@41.179384,31.3710385,14z/data=!4m9!1m3!2m2!1sperdeci!6e6!3m4!1s0x409c510e1a0e4641:0xb1966594daf29f02!8m2!3d41.179384!4d31.388548", ,Perde Mağazası, 
DÜZCE KORNİŞ,"Kültür, İstanbul Cd. No:112, 81600 Düzce Merkez/Düzce",hemengelse.com,0541 722 07 24,"https://www.google.com/maps/place/D%C3%9CZCE+KORN%C4%B0%C5%9E/@40.8438464,31.15654,14z/data=!4m9!1m3!2m2!1sperdeci!6e6!3m4!1s0x409d755ed127e667:0x26c2bd55d42dd5a4!8m2!3d40.83999!4d31.157391","Çarşamba,24 saat açık; Perşembe,24 saat açık; Cuma,24 saat açık; Cumartesi,24 saat açık; Pazar,24 saat açık; Pazartesi,24 saat açık; Salı,24 saat açık.",Panjur ve Perde Mağazası, 
Güven Tekstil,"Cedidiye, Şehit Muhtar Sok. No:10, 81020 Düzce Merkez/Düzce", ,(0380) 524 16 36,"https://www.google.com/maps/place/G%C3%BCven+Tekstil/@40.8438464,31.15654,14z/data=!4m9!1m3!2m2!1sperdeci!6e6!3m4!1s0x409d7544d1626719:0x55c808d46a4bf688!8m2!3d40.8377314!4d31.1631593","Çarşamba,09:00 - 20:00; Perşembe,09:00 - 20:00; Cuma,09:00 - 20:00; Cumartesi,09:00 - 20:00; Pazar,Kapalı; Pazartesi,09:00 - 20:00; Salı,09:00 - 20:00.",Giyim mağazası, 
Güllüoğlu Mefruşat Perdeci,"Müftü, 67300 Ereğli/Zonguldak", ,0539 835 02 29,"https://www.google.com/maps/place/G%C3%BCll%C3%BCo%C4%9Flu+Mefru%C5%9Fat+Perdeci/@41.2715826,31.41992,14z/data=!4m9!1m3!2m2!1sperdeci!6e6!3m4!1s0x409c5b37e0d83d63:0x9919ee5ef5584f0e!8m2!3d41.2715826!4d31.4374295", ,Perde Mağazası, 
Emin Mobilya,"Kültür, Büyük Cami Sok. No:7, 81600 Düzce Merkez/Düzce",firmasec.com,(0380) 512 28 19,"https://www.google.com/maps/place/Emin+Mobilya/@40.8438464,31.15654,14z/data=!4m9!1m3!2m2!1sperdeci!6e6!3m4!1s0x409d755708fbbd3f:0x22354a0a208e5435!8m2!3d40.843849!4d31.15654","Çarşamba,08:00 - 19:30; Perşembe,08:00 - 19:30; Cuma,08:00 - 19:30; Cumartesi,08:20 - 19:30; Pazar,12:00 - 17:30; Pazartesi,08:00 - 19:30; Salı,08:00 - 19:30.",Mobilya mağazası,"4,0"
Belma Perde Evi,"Merkez, Tabaklar Mah. Hastane Caddesi, Orman İşletmesi Karşısı No:17/C, 14100 Bolu", ,(0374) 217 88 22,"https://www.google.com/maps/place/Belma+Perde+Evi/@40.7332804,31.5852914,14z/data=!4m9!1m3!2m2!1sperdeci!6e6!3m4!1s0x409d3f6c2f34aec1:0x265277f070e88356!8m2!3d40.7332804!4d31.6028009","Çarşamba,08:30 - 20:30; Perşembe,08:30 - 20:30; Cuma,08:30 - 20:30; Cumartesi,08:30 - 20:30; Pazar,Kapalı; Pazartesi,08:30 - 20:30; Salı,08:30 - 20:30.",Perde Mağazası,"5,0"
Şengüloğlu Ev Konsept,"Şerefiye, Atatürk Blv. No:35, 81010 Düzce Merkez/Düzce",senguloglu.com.tr,(0380) 523 45 32,"https://www.google.com/maps/place/%C5%9Eeng%C3%BClo%C4%9Flu+Ev+Konsept/@40.8438464,31.15654,14z/data=!4m9!1m3!2m2!1sperdeci!6e6!3m4!1s0x409d75503fc351ad:0x1962c84b4c7fe4a3!8m2!3d40.8414146!4d31.1632724","Çarşamba,08:00 - 22:00; Perşembe,08:00 - 22:00; Cuma,08:00 - 22:00; Cumartesi,08:00 - 22:00; Pazar,08:00 - 22:00; Pazartesi,08:00 - 22:00; Salı,08:00 - 22:00.",Mobilya mağazası,"4,7"
Düzce Tekstil,"Hamidiye, Düzce - Akçakoca Yolu Yanyolu, 81030 Düzce Merkez/Düzce",duzcetekstil.com,(0380) 537 52 26,"https://www.google.com/maps/place/D%C3%BCzce+Tekstil/@40.8438464,31.15654,14z/data=!4m9!1m3!2m2!1sperdeci!6e6!3m4!1s0x409d7554a6af5b55:0x6b71af6b4187a9d0!8m2!3d40.8481515!4d31.164993", ,Giyim mağazası, 
GC HOME COLLECTION A.Ş, , ,0552 809 81 61,"https://www.google.com/maps/place/GC+HOME+COLLECTION+A.%C5%9E/@40.8438464,31.15654,14z/data=!4m9!1m3!2m2!1sperdeci!6e6!3m4!1s0x409d753d55b45757:0x8a9e256bd594eb70!8m2!3d40.8531225!4d31.1525985","Çarşamba,08:30 - 21:00; Perşembe,08:30 - 21:00; Cuma,08:30 - 21:00; Cumartesi,08:30 - 21:00; Pazar,Kapalı; Pazartesi,08:30 - 21:00; Salı,08:30 - 21:00.",Perde Mağazası, 
MODA PERDE,"İhsaniye, Şht. Kani Cd. 11/A, 14100 Merkez/Bolu", ,0537 816 67 94,"https://www.google.com/maps/place/MODA+PERDE/@40.7349117,31.5936293,14z/data=!4m9!1m3!2m2!1sperdeci!6e6!3m4!1s0x409d3f270a1b8927:0x6c3765a7c70c42f7!8m2!3d40.7349117!4d31.6111388","Çarşamba,09:00 - 21:00; Perşembe,09:00 - 21:00; Cuma,09:00 - 21:00; Cumartesi,09:00 - 21:00; Pazar,10:30 - 20:00; Pazartesi,09:00 - 21:00; Salı,09:00 - 21:00.",Perde Mağazası,"5,0"
Baydanlar,"Cedidiye, Hacı Hamdi Sk. No:16, 81020 Düzce Merkez/Düzce", , ,"https://www.google.com/maps/place/Baydanlar/@40.8438464,31.15654,14z/data=!4m9!1m3!2m2!1sperdeci!6e6!3m4!1s0x409d755b3b4faefd:0x6f1f6fecd17c69f2!8m2!3d40.838319!4d31.1599102","Çarşamba,08:30 - 21:00; Perşembe,08:30 - 21:00; Cuma,08:30 - 21:00; Cumartesi,08:30 - 21:00; Pazar,08:30 - 21:00; Pazartesi,08:30 - 21:00; Salı,08:30 - 21:00.",Giyim mağazası,"3,0"
ÖZEMİR PERDE,"Başpınar, 110. Sk. No:16, 54300 Hendek/Sakarya", ,(0264) 614 05 94,"https://www.google.com/maps/place/%C3%96ZEM%C4%B0R+PERDE/@40.7951287,30.728628,14z/data=!4m9!1m3!2m2!1sperdeci!6e6!3m4!1s0x14cadb7a6bc0a755:0x30f26de48064856a!8m2!3d40.7951287!4d30.7461375", ,Perde Mağazası,"5,0"
Michelin - Aktaş Oto Euromaster,"Fatih Mah, D100 Üzeri D:No:504, 81030 Merkez/Düzce",michelin.com.tr,(0380) 523 19 15,"https://www.google.com/maps/place/Michelin+-+Akta%C5%9F+Oto+Euromaster/@40.8485989,31.1182301,14z/data=!4m8!1m2!2m1!1zbGFzdGlrw6dp!3m4!1s0x14cac5b5438e75b3:0x382ed7f938f9dd27!8m2!3d40.8485989!4d31.1357396","Çarşamba,08:30 - 18:00; Perşembe,08:30 - 18:00; Cuma,08:30 - 18:00; Cumartesi,08:30 - 17:00; Pazar,10:00 - 16:00; Pazartesi,08:30 - 18:00; Salı,08:30 - 18:00.",Oto Lastik Dükkanı,"5,0"
Çağla Lastik,"Merkez, akçakoca yolu üzeri beyciler sapağı 10181010 merkez/düzce, 00081 Düzce",cagla-lastik.business.site,(0380) 526 07 58,"https://www.google.com/maps/place/%C3%87a%C4%9Fla+Lastik/@40.8438464,31.15654,14z/data=!4m8!1m2!2m1!1zbGFzdGlrw6dp!3m4!1s0x409da00d2a4f4281:0xbd022947ef87c928!8m2!3d40.857216!4d31.1671113","Çarşamba,07:30 - 19:30; Perşembe,07:30 - 19:30; Cuma,07:30 - 19:30; Cumartesi,07:30 - 19:30; Pazar,10:00 - 19:30; Pazartesi,07:30 - 19:30; Salı,07:30 - 19:30.",Oto Lastik Dükkanı,"4,7"
Reis OTO LASTIK ---LASTIKCI HUSEYINN,"Cumhuriyet, 81600 Düzce Merkez/Düzce", ,0544 903 00 81,"https://www.google.com/maps/place/Reis+OTO+LASTIK+---LASTIKCI+HUSEYINN/@40.8438464,31.15654,14z/data=!4m8!1m2!2m1!1zbGFzdGlrw6dp!3m4!1s0x409d75d7725d6eb9:0x8b3de66bd63c5603!8m2!3d40.825979!4d31.1946606","Çarşamba,24 saat açık; Perşembe,24 saat açık; Cuma,24 saat açık; Cumartesi,24 saat açık; Pazar,24 saat açık; Pazartesi,24 saat açık; Salı,24 saat açık.",Oto Lastik Dükkanı, 
Lastik Vs.,"Uzun Mustafa, D-100 Karayolu No:402, 81010 Düzce Merkez/Düzce",lastikvs.com,(0380) 514 19 80,"https://www.google.com/maps/place/Lastik+Vs./@40.8438464,31.15654,14z/data=!4m8!1m2!2m1!1zbGFzdGlrw6dp!3m4!1s0x409d9ffc012fc4b1:0xf2152c42f8675e6a!8m2!3d40.84783!4d31.1515491","Çarşamba,08:00 - 19:30; Perşembe,08:00 - 19:30; Cuma,08:00 - 19:30; Cumartesi,08:00 - 19:30; Pazar,Kapalı; Pazartesi,08:00 - 19:30; Salı,08:00 - 19:30.",Oto Lastik Dükkanı,"3,0"
İlhan Oto Lastik,"Fatih, D100, 81030 Düzce Merkez/Düzce", , ,"https://www.google.com/maps/place/%C4%B0lhan+Oto+Lastik/@40.8438464,31.15654,14z/data=!4m8!1m2!2m1!1zbGFzdGlrw6dp!3m4!1s0x409d9ffa8204ad0d:0x5a3b645877e342d!8m2!3d40.848498!4d31.142305","Çarşamba,08:00 - 19:30; Perşembe,08:00 - 19:30; Cuma,08:00 - 19:30; Cumartesi,08:00 - 19:30; Pazar,Kapalı; Pazartesi,08:00 - 19:30; Salı,08:00 - 19:30.",Oto Lastik Dükkanı,"3,9"
Likos Oto Lastik Balans 7/24 yol yardim,"Fevzi Çakmak, A, Eski Bolu Cd. No:249, 81020 Düzce Merkez/Düzce",business.site,0545 303 29 91,"https://www.google.com/maps/place/Likos+Oto+Lastik+Balans+7%2F24+yol+yardim/@40.8253209,31.1767324,14z/data=!4m8!1m2!2m1!1zbGFzdGlrw6dp!3m4!1s0x409d74df43b7c251:0x238a3e09662e1c05!8m2!3d40.8253209!4d31.1942419","Çarşamba,24 saat açık; Perşembe,24 saat açık; Cuma,24 saat açık; Cumartesi,24 saat açık; Pazar,24 saat açık; Pazartesi,24 saat açık; Salı,24 saat açık.",Oto Lastik Dükkanı,"3,4"
Kervan Oto Lastik,"Cumhuriyet, D100 Yanyolu, 81600 Düzce Merkez/Düzce", ,0544 438 80 80,"https://www.google.com/maps/place/Kervan+Oto+Lastik/@40.8438464,31.15654,14z/data=!4m8!1m2!2m1!1zbGFzdGlrw6dp!3m4!1s0x409d757b56930807:0xaff2d8670f8fc06e!8m2!3d40.8338787!4d31.1787489","Çarşamba,24 saat açık; Perşembe,24 saat açık; Cuma,24 saat açık; Cumartesi,24 saat açık; Pazar,24 saat açık; Pazartesi,24 saat açık; Salı,24 saat açık.",Oto Lastik Dükkanı,"4,7"
Lastik Park Pak-Kurt Otomotiv 2,"Koçyazı, 81100 Düzce Merkez/Düzce", ,0532 291 98 72,"https://www.google.com/maps/place/Lastik+Park+Pak-Kurt+Otomotiv+2/@40.8438464,31.15654,14z/data=!4m8!1m2!2m1!1zbGFzdGlrw6dp!3m4!1s0x409d75cc53d05259:0xf18a3bd0824e42d9!8m2!3d40.8405719!4d31.1808455","Çarşamba,08:30 - 18:30; Perşembe,08:30 - 18:30; Cuma,08:30 - 18:30; Cumartesi,08:30 - 18:30; Pazar,10:30 - 17:00; Pazartesi,08:30 - 18:30; Salı,08:30 - 18:30.",Oto Lastik Dükkanı,"4,0"
Lastik Park,"Uzun Mustafa, D100 Yanyolu, 81010 Düzce Merkez/Düzce", , ,"https://www.google.com/maps/place/Lastik+Park/@40.8438464,31.15654,14z/data=!4m8!1m2!2m1!1zbGFzdGlrw6dp!3m4!1s0x409d9ffbecd2871f:0xea4b5e768a017d96!8m2!3d40.848153!4d31.148408","Çarşamba,08:30 - 19:30; Perşembe,08:30 - 19:30; Cuma,08:30 - 19:30; Cumartesi,08:30 - 19:30; Pazar,Kapalı; Pazartesi,08:30 - 19:30; Salı,08:30 - 19:30.",Oto Lastik Dükkanı,"3,8"
Gulbahar Oto Lastik,"Aziziye, D 100 karayolu kenarı No 541, 81100 Düzce Merkez/Düzce",business.site,0539 505 23 06,"https://www.google.com/maps/place/Gulbahar+Oto+Lastik/@40.8438464,31.15654,14z/data=!4m8!1m2!2m1!1zbGFzdGlrw6dp!3m4!1s0x409d9fecfd9cf187:0x23f44eb0a4847fd8!8m2!3d40.8480178!4d31.1337086","Çarşamba,09:00 - 19:00; Perşembe,09:00 - 19:00; Cuma,09:00 - 19:00; Cumartesi,09:00 - 19:00; Pazar,Kapalı; Pazartesi,09:00 - 19:00; Salı,09:00 - 19:00.",Oto Lastik Dükkanı,"4,9"
Lassa - Tevekkel Oto Sanayi,"Eski Sanayi Çarşısı 791. Sok. D:2, Düzce Merkez, Düzce",lassa.com.tr,(0380) 524 02 00,"https://www.google.com/maps/place/Lassa+-+Tevekkel+Oto+Sanayi/@40.8475684,31.1359146,14z/data=!4m8!1m2!2m1!1zbGFzdGlrw6dp!3m4!1s0x409d9ffdd134fe57:0xef2722be24fd1742!8m2!3d40.8475684!4d31.1534241","Çarşamba,08:00 - 19:00; Perşembe,08:00 - 19:00; Cuma,08:00 - 19:00; Cumartesi,08:00 - 19:00; Pazar,Kapalı; Pazartesi,08:00 - 19:00; Salı,08:00 - 19:00.",Oto Lastik Dükkanı,"5,0"
Emre Jant Lastik,"Kültür, Kuyumcuzade Blv., 81600 Düzce Merkez/Düzce", ,0555 581 61 62,"https://www.google.com/maps/place/Emre+Jant+Lastik/@40.846649,31.1345195,14z/data=!4m8!1m2!2m1!1zbGFzdGlrw6dp!3m4!1s0x409d9ffdb3071ff3:0x98d15a6c84610070!8m2!3d40.846649!4d31.152029","Çarşamba,08:30 - 19:00; Perşembe,08:30 - 19:00; Cuma,08:30 - 19:00; Cumartesi,08:30 - 19:00; Pazar,10:00 - 17:00; Pazartesi,08:30 - 19:00; Salı,08:30 - 19:00.",Oto Lastik Dükkanı,"4,0"
YILDIRIMLAR OTO LASTİK,"yıldırımlar lastik kaplama, aziziye mah olimpiyat mevkii no 513, 81100 Düzce",yildirimlargroup.com,(0380) 524 82 81,"https://www.google.com/maps/place/YILDIRIMLAR+OTO+LAST%C4%B0K/@40.8438464,31.15654,14z/data=!4m8!1m2!2m1!1zbGFzdGlrw6dp!3m4!1s0x14caa6faf8b934a3:0xec3c8a184f4d0cd3!8m2!3d40.8478855!4d31.1376832","Çarşamba,08:00 - 18:00; Perşembe,08:00 - 18:00; Cuma,08:00 - 18:00; Cumartesi,08:00 - 18:00; Pazar,Kapalı; Pazartesi,08:00 - 18:00; Salı,08:00 - 18:00.",Oto Lastik Dükkanı,"4,6"
Continental,"Sancaklar, Plantfarma Bitkisel İlaç Sanayi A.Ş. No:343, 81100 Düzce Merkez/Düzce",continental-lastikleri.com.tr, ,"https://www.google.com/maps/place/Continental/@40.8438464,31.15654,14z/data=!4m8!1m2!2m1!1zbGFzdGlrw6dp!3m4!1s0x409da06c3a5b7ffb:0xedef6a6ce431f75a!8m2!3d40.8714122!4d31.1651622","Çarşamba,08:00 - 19:00; Perşembe,08:00 - 19:00; Cuma,08:00 - 19:00; Cumartesi,08:00 - 19:00; Pazar,12:00 - 16:00; Pazartesi,08:00 - 19:00; Salı,08:00 - 19:00.",Oto Lastik Dükkanı,"5,0"
KUŞÇUOĞLU LASTİK-PETLAS BÖLGE BAYİİ,"Kültür, Kuyumcuzade Blv. No:17, 81600 Düzce Merkez/Düzce",business.site,(0380) 523 40 57,"https://www.google.com/maps/place/KU%C5%9E%C3%87UO%C4%9ELU+LAST%C4%B0K-PETLAS+B%C3%96LGE+BAY%C4%B0%C4%B0/@40.8438464,31.15654,14z/data=!4m8!1m2!2m1!1zbGFzdGlrw6dp!3m4!1s0x409d9ffd128628ab:0x715ca6c9fa89c1a4!8m2!3d40.8459322!4d31.1520473","Çarşamba,08:00 - 19:30; Perşembe,08:00 - 19:30; Cuma,08:00 - 19:30; Cumartesi,08:00 - 19:30; Pazar,12:00 - 18:00; Pazartesi,08:00 - 19:30; Salı,08:00 - 19:30.",Oto Lastik Mağazası,"5,0"
Mutlu Kardeşler,"Akınlar, 2590 Sk., 81100 Düzce Merkez/Düzce", ,0541 513 16 45,"https://www.google.com/maps/place/Mutlu+Karde%C5%9Fler/@40.8438464,31.15654,14z/data=!4m8!1m2!2m1!1zbGFzdGlrw6dp!3m4!1s0x409d9f8d2bff6b63:0x10eac8f21575b19f!8m2!3d40.8525488!4d31.1225077", ,Oto Lastik Dükkanı,"5,0"
By Lastik & Jant,"Aziziye Mah. D-100 Karayolu Kenarı No:589 Merkez Mahallesi, 81100 Düzce",bylastik.com.tr,(0380) 523 75 76,"https://www.google.com/maps/place/By+Lastik+%26+Jant/@40.847997,31.1118561,14z/data=!4m8!1m2!2m1!1zbGFzdGlrw6dp!3m4!1s0x409d7545303a50c3:0x392479d8d7ddd897!8m2!3d40.847997!4d31.1293656", ,Oto Lastik Dükkanı,"4,6"
HAYRET OTO LASTİK VE ROT BALANS,"Kirazlı Köyü D100 YOLU ÜZERİ TP PETROL KARŞISI MERKEZ 2. ŞUBE Küçük Sanayi Sitesi H2 BLOCK NO:221 MERKEZ, 81100 Düzce",mustafasarial11.wix.com,0536 276 43 27,"https://www.google.com/maps/place/HAYRET+OTO+LAST%C4%B0K+VE+ROT+BALANS/@40.8438464,31.15654,14z/data=!4m8!1m2!2m1!1zbGFzdGlrw6dp!3m4!1s0x409d7495dd44a4c1:0x29ead67ae937422e!8m2!3d40.8131836!4d31.21791","Çarşamba,09:00 - 18:00; Perşembe,09:00 - 18:00; Cuma,08:00 - 20:00; Cumartesi,08:00 - 20:00; Pazar,Kapalı; Pazartesi,09:00 - 18:00; Salı,09:00 - 18:00.",Araç Bakım ve Onarımı,"5,0"
Petlas,"Karaca, Düzce - Akçakoca Yolu Yanyolu No:70, 81030 Düzce Merkez/Düzce", ,(0380) 523 02 55,"https://www.google.com/maps/place/Petlas/@40.8438464,31.15654,14z/data=!4m8!1m2!2m1!1zbGFzdGlrw6dp!3m4!1s0x409d0aabb2857837:0xd2f165bc179bc5ef!8m2!3d40.851634!4d31.1659661", ,Oto Lastik Dükkanı,"5,0"
Lassa-tekevvel,"Kültür, 81600 Düzce Merkez/Düzce",lassa.com.tr, ,"https://www.google.com/maps/place/Lassa-tekevvel/@40.8438464,31.15654,14z/data=!4m8!1m2!2m1!1zbGFzdGlrw6dp!3m4!1s0x409d9ffdd486e42b:0x46c255322e72679a!8m2!3d40.847607!4d31.1531962", ,Oto Tamirhanesi,"4,7"
Michelin - Aktaş Oto Euromaster,"Fatih Mah, D100 Üzeri D:No:504, 81030 Merkez/Düzce",michelin.com.tr,(0380) 523 19 15,"https://www.google.com/maps/place/Michelin+-+Akta%C5%9F+Oto+Euromaster/@40.8438464,31.15654,14z/data=!4m9!1m3!2m2!1zbGFzdGlrw6dp!6e6!3m4!1s0x14cac5b5438e75b3:0x382ed7f938f9dd27!8m2!3d40.8485989!4d31.1357396","Çarşamba,08:30 - 18:00; Perşembe,08:30 - 18:00; Cuma,08:30 - 18:00; Cumartesi,08:30 - 17:00; Pazar,10:00 - 16:00; Pazartesi,08:30 - 18:00; Salı,08:30 - 18:00.",Oto Lastik Dükkanı,"5,0"
Yaşar Usta Oto Lastik,"Kültür, Kuyumcuzade Blv., 81600 Düzce Merkez/Düzce", , ,"https://www.google.com/maps/place/Ya%C5%9Far+Usta+Oto+Lastik/@40.8438464,31.15654,14z/data=!4m9!1m3!2m2!1zbGFzdGlrw6dp!6e6!3m4!1s0x409d9ffc317aa4a5:0x8ee16c5cbe191e39!8m2!3d40.8472984!4d31.1521797","Çarşamba,08:00 - 19:30; Perşembe,08:00 - 19:30; Cuma,08:00 - 19:30; Cumartesi,08:00 - 19:30; Pazar,Kapalı; Pazartesi,08:00 - 19:30; Salı,08:00 - 19:30.",Oto Lastik Dükkanı,"5,0"
Kadir Usta Rot Balans & Oto Bakım Servisi,"CUMHURİYET MAHALLESİ KERVAN MEVKİİ D/100 KARAYOLU YANI NO:186, 81100 MERKEZ/Düzce",kadirusta.com.tr,(0380) 523 44 34,"https://www.google.com/maps/place/Kadir+Usta+Rot+Balans+%26+Oto+Bak%C4%B1m+Servisi/@40.834229,31.1604195,14z/data=!4m9!1m3!2m2!1zbGFzdGlrw6dp!6e6!3m4!1s0x409d7539bd78c0ad:0x2eba8c3fb5734585!8m2!3d40.834229!4d31.177929","Çarşamba,08:30 - 18:00; Perşembe,08:30 - 18:00; Cuma,08:30 - 18:00; Cumartesi,08:30 - 18:00; Pazar,Kapalı; Pazartesi,08:30 - 18:00; Salı,08:30 - 18:00.",Oto Lastik Mağazası,"4,6"
Michelin - Aktaş Oto Euromaster,"Fatih Mah, D100 Üzeri D:No:504, 81030 Merkez/Düzce",michelin.com.tr,(0380) 523 19 15,"https://www.google.com/maps/place/Michelin+-+Akta%C5%9F+Oto+Euromaster/@40.8438464,31.15654,14z/data=!4m9!1m3!2m2!1zbGFzdGlrw6dp!6e6!3m4!1s0x14cac5b5438e75b3:0x382ed7f938f9dd27!8m2!3d40.8485989!4d31.1357396","Çarşamba,08:30 - 18:00; Perşembe,08:30 - 18:00; Cuma,08:30 - 18:00; Cumartesi,08:30 - 17:00; Pazar,10:00 - 16:00; Pazartesi,08:30 - 18:00; Salı,08:30 - 18:00.",Oto Lastik Dükkanı,"5,0"
Goodyear-önayar,"Fevzi Çakmak Mh., D100 Yanyolu, 81020 Düzce Merkez/Düzce", , ,"https://www.google.com/maps/place/Goodyear-%C3%B6nayar/@40.8438464,31.15654,14z/data=!4m9!1m3!2m2!1zbGFzdGlrw6dp!6e6!3m4!1s0x409d753b382cab23:0x4bcfda6ce56ddba6!8m2!3d40.8309781!4d31.1828671","Çarşamba,08:30 - 19:00; Perşembe,08:30 - 19:00; Cuma,08:30 - 19:00; Cumartesi,08:30 - 19:00; Pazar,Kapalı; Pazartesi,08:30 - 19:00; Salı,08:30 - 19:00.",Oto Lastik Dükkanı,"3,5"
Kurt Oto Lastik Ve Balans Servisi,"Gölyaka Sapağı/Düzce Merkez/Düzce, 81100 Gölyaka Sapağı/Düzce", ,0546 877 67 36,"https://www.google.com/maps/place/Kurt+Oto+Lastik+Ve+Balans+Servisi/@40.8490815,31.0433367,14z/data=!4m9!1m3!2m2!1zbGFzdGlrw6dp!6e6!3m4!1s0x409d9fb626294abb:0xce519d6658768a75!8m2!3d40.8490815!4d31.0608462","Çarşamba,24 saat açık; Perşembe,24 saat açık; Cuma,24 saat açık; Cumartesi,24 saat açık; Pazar,24 saat açık; Pazartesi,24 saat açık; Salı,24 saat açık.",Oto Lastik Dükkanı,"3,7"
TEVEKKEL OTO LASSA BAYİİ,"Kültür, 792. Sk. No:2, 81600 Düzce Merkez/Düzce",tevekkel.com,(0380) 524 02 00,"https://www.google.com/maps/place/TEVEKKEL+OTO+LASSA+BAY%C4%B0%C4%B0/@40.8438464,31.15654,14z/data=!4m9!1m3!2m2!1zbGFzdGlrw6dp!6e6!3m4!1s0x409d9ffc2ceb57e9:0x486c68cf5facf57a!8m2!3d40.8476185!4d31.1528288","Çarşamba,08:00 - 18:30; Perşembe,08:00 - 18:30; Cuma,08:00 - 18:30; Cumartesi,08:00 - 18:30; Pazar,Kapalı; Pazartesi,08:00 - 18:30; Salı,08:00 - 18:30.",Oto Lastik Mağazası,"4,7"
Goodyear,"Merkez, Rasim Betir Paşa Bulv., 33. Sok. No:65, 81600 Düzce Merkez/Düzce",goodyear.eu,(0380) 523 25 26,"https://www.google.com/maps/place/Goodyear/@40.8438464,31.15654,14z/data=!4m9!1m3!2m2!1zbGFzdGlrw6dp!6e6!3m4!1s0x409d7554a95addf1:0xfb8fe20439db0752!8m2!3d40.8451075!4d31.1556951", ,Oto Lastik Dükkanı,"4,5"
Nursel AGC,"Merkez, Kültür Mah. 1 Sok. No: 343 Eski Sanayi Sitesi, 81060 Düzce", ,(0380) 514 38 39,"https://www.google.com/maps/place/Nursel+AGC/@40.847424,31.1366745,14z/data=!4m9!1m3!2m2!1zbGFzdGlrw6dp!6e6!3m4!1s0x409d9ffdd8fc6adb:0x570cd6e54b41d08f!8m2!3d40.847424!4d31.154184","Çarşamba,08:00 - 19:00; Perşembe,08:00 - 19:00; Cuma,08:00 - 19:00; Cumartesi,08:00 - 19:00; Pazar,Kapalı; Pazartesi,08:00 - 19:00; Salı,08:00 - 19:00.",Oto Lastik Dükkanı,"3,3"
Oto Lastik,"Karaçalı, Düzce Cd., 81900 Kaynaşlı/Düzce", , ,"https://www.google.com/maps/place/Oto+Lastik/@40.7775497,31.2807897,14z/data=!4m9!1m3!2m2!1zbGFzdGlrw6dp!6e6!3m4!1s0x409d728c78971027:0x1cbb3e266ad455c5!8m2!3d40.7775497!4d31.2982992", ,Oto Lastik Dükkanı, 
Tevekkel Oto,"Sanayi Çarşısı, Akar Stadyum Sk. No:89, 81600 Düzce Merkez/Düzce",tevekkel.com,(0380) 524 60 14,"https://www.google.com/maps/place/Tevekkel+Oto/@40.8438464,31.15654,14z/data=!4m9!1m3!2m2!1zbGFzdGlrw6dp!6e6!3m4!1s0x409d755b02c6ef3d:0x2a2e70ff5f1b4bae!8m2!3d40.8472636!4d31.1544015","Çarşamba,08:30 - 19:00; Perşembe,08:30 - 19:00; Cuma,08:30 - 19:00; Cumartesi,08:30 - 19:00; Pazar,Kapalı; Pazartesi,08:30 - 19:00; Salı,08:30 - 19:00.",Oto Lastik Dükkanı,"4,3"
Bridgestone-can Tevekkel,"Aziziye, 1050 Sk., 81010 Düzce Merkez/Düzce",bridgestone.com.tr, ,"https://www.google.com/maps/place/Bridgestone-can+Tevekkel/@40.8438464,31.15654,14z/data=!4m9!1m3!2m2!1zbGFzdGlrw6dp!6e6!3m4!1s0x409d9fecc372d1bb:0x1f44d468364cd3ca!8m2!3d40.8479249!4d31.127395","Çarşamba,08:00 - 19:00; Perşembe,08:00 - 19:00; Cuma,08:00 - 19:00; Cumartesi,08:00 - 19:00; Pazar,Kapalı; Pazartesi,08:00 - 19:00; Salı,08:00 - 19:00.",Oto Lastik Dükkanı,"4,8"
TOROMAN OTO LASTIK,"Şehit bayram gökmen mh. Taşlık sk. No. 62 konural, 81620 Düzce Merkez/Düzce", ,0535 078 86 30,"https://www.google.com/maps/place/TOROMAN+OTO+LASTIK/@40.8943196,31.1491405,14z/data=!4m9!1m3!2m2!1zbGFzdGlrw6dp!6e6!3m4!1s0x409da0faa78bf43b:0xd11a24e1190c6f2e!8m2!3d40.8943196!4d31.16665","Çarşamba,09:00 - 21:00; Perşembe,09:00 - 21:00; Cuma,09:00 - 21:00; Cumartesi,09:00 - 21:00; Pazar,Kapalı; Pazartesi,09:00 - 21:00; Salı,09:00 - 21:00.",Oto Lastik Dükkanı,"4,9"
LastikPark,"Çamköy, 81100 Düzce Merkez/Düzce",lastikpark.com, ,"https://www.google.com/maps/place/LastikPark/@40.8438464,31.15654,14z/data=!4m9!1m3!2m2!1zbGFzdGlrw6dp!6e6!3m4!1s0x409da065f116a929:0xd8e3e9610b17f635!8m2!3d40.8759685!4d31.1692519","Çarşamba,08:30 - 19:00; Perşembe,08:30 - 19:00; Cuma,08:30 - 19:00; Cumartesi,08:30 - 19:00; Pazar,Kapalı; Pazartesi,08:30 - 19:00; Salı,08:30 - 19:00.",Oto Lastik Dükkanı,"4,4"
BOLU LASTİKÇİ,"Gölyüzü, Bahar Sk. No:19, 14200 Bolu Merkez/Bolu",bolulastikci.com,0545 490 00 20,"https://www.google.com/maps/place/BOLU+LAST%C4%B0K%C3%87%C4%B0/@40.7369799,31.5955751,14z/data=!4m9!1m3!2m2!1zbGFzdGlrw6dp!6e6!3m4!1s0x409d3fbc658c3887:0xc3cc378cb529c290!8m2!3d40.7369799!4d31.6130846", ,Oto Lastik Dükkanı,"5,0"
NURSEL,"Kültür, 790. Sk. No:1, 81600 Düzce Merkez/Düzce", ,(0380) 514 38 39,"https://www.google.com/maps/place/NURSEL/@40.8438464,31.15654,14z/data=!4m9!1m3!2m2!1zbGFzdGlrw6dp!6e6!3m4!1s0x409d9ffdd8d7cfcb:0xd626abded64ebfed!8m2!3d40.8474349!4d31.1541856","Çarşamba,08:00 - 19:00; Perşembe,08:00 - 19:00; Cuma,08:00 - 19:00; Cumartesi,08:00 - 19:00; Pazar,Kapalı; Pazartesi,08:00 - 19:00; Salı,08:00 - 19:00.",Oto Lastik Dükkanı, 
Oto Lastikci,"Köroğlu, Gerede Cd., 14200 Bolu Merkez/Bolu", , ,"https://www.google.com/maps/place/Oto+Lastikci/@40.733948,31.6003865,14z/data=!4m9!1m3!2m2!1zbGFzdGlrw6dp!6e6!3m4!1s0x409d3f3e244f1829:0x69055f2991a50d2e!8m2!3d40.733948!4d31.617896", ,Oto Lastik Dükkanı, 
Oto Aran,"Kültür, Akar Stadyum Sk. No:25, 81600 Düzce Merkez/Düzce",bridgestone.com.tr,(0380) 514 11 20,"https://www.google.com/maps/place/Oto+Aran/@40.8438464,31.15654,14z/data=!4m9!1m3!2m2!1zbGFzdGlrw6dp!6e6!3m4!1s0x409d7557d13f8353:0x81cf63e083734c5c!8m2!3d40.8448971!4d31.1541887", ,Oto Tamirhanesi,"1,0"
FATİH OTO LASTİK,"Aziziye, İstanbul Cd. No:147, 81010 Düzce Merkez/Düzce", , ,"https://www.google.com/maps/place/FAT%C4%B0H+OTO+LAST%C4%B0K/@40.8438464,31.15654,14z/data=!4m9!1m3!2m2!1zbGFzdGlrw6dp!6e6!3m4!1s0x409d9fe72bedf50f:0xc118db26cd014cec!8m2!3d40.8401125!4d31.1394837","Çarşamba,08:00 - 19:00; Perşembe,08:00 - 19:00; Cuma,08:00 - 19:00; Cumartesi,08:00 - 19:00; Pazar,Kapalı; Pazartesi,08:00 - 19:00; Salı,08:00 - 19:00.",Oto Lastik Mağazası,"5,0"
A.C. Aksan Otomotiv San.Tic.Ltd.Şti,"Aziziye, 1069. Sk. No:17, 81010 Merkez/Düzce", ,(0380) 514 90 71,"https://www.google.com/maps/place/A.C.+Aksan+Otomotiv+San.Tic.Ltd.%C5%9Eti/@40.8438464,31.15654,14z/data=!4m9!1m3!2m2!1zbGFzdGlrw6dp!6e6!3m4!1s0x409d9fec6d4cabb7:0x8a2162b5d7ab140c!8m2!3d40.8464485!4d31.1298502","Çarşamba,08:00 - 19:30; Perşembe,08:00 - 19:30; Cuma,08:00 - 19:30; Cumartesi,08:00 - 19:30; Pazar,Kapalı; Pazartesi,08:00 - 19:30; Salı,08:00 - 19:30.",Oto Lastik Dükkanı,"4,5"